device_profile,group,trial,exec_order,handshake_latency_ms,wire_latency_ms,handshake_size_bytes,success
High-performance,SecP384r1MLKEM1024,10,0,11.906,11.852,4886,True
High-performance,x25519_mlkem512,22,1,3.122,3.099,3176,True
High-performance,x25519_mlkem512,6,2,3.211,3.222,3176,True
High-performance,SecP384r1MLKEM1024,48,3,11.951,11.948,4886,True
High-performance,X25519MLKEM768,35,4,3.652,3.673,3892,True
High-performance,X25519MLKEM768,48,5,3.101,3.095,3892,True
High-performance,x25519_mlkem512,43,6,3.35,3.347,3176,True
High-performance,X25519MLKEM768,26,7,3.353,3.293,3892,True
High-performance,SecP384r1MLKEM1024,38,8,12.124,12.087,4886,True
High-performance,SecP384r1MLKEM1024,43,9,12.583,12.58,4886,True
High-performance,X25519MLKEM768,6,10,3.172,3.156,3892,True
High-performance,x25519_mlkem512,4,11,3.938,3.929,3176,True
High-performance,X25519MLKEM768,32,12,3.083,3.12,3892,True
High-performance,x25519_mlkem512,10,13,3.306,3.263,3176,True
High-performance,X25519MLKEM768,20,14,3.342,3.331,3892,True
High-performance,X25519MLKEM768,45,15,3.166,3.157,3892,True
High-performance,SecP384r1MLKEM1024,15,16,12.408,12.414,4886,True
High-performance,SecP384r1MLKEM1024,25,17,12.263,12.247,4886,True
High-performance,X25519MLKEM768,1,18,3.652,3.55,3892,True
High-performance,SecP384r1MLKEM1024,44,19,12.399,12.39,4886,True
High-performance,X25519MLKEM768,47,20,3.076,3.155,3892,True
High-performance,x25519_mlkem512,40,21,3.447,3.519,3176,True
High-performance,x25519_mlkem512,21,22,3.197,3.19,3176,True
High-performance,SecP384r1MLKEM1024,18,23,12.363,12.36,4886,True
High-performance,X25519MLKEM768,18,24,2.962,3.066,3892,True
High-performance,x25519_mlkem512,46,25,3.307,3.327,3176,True
High-performance,SecP384r1MLKEM1024,27,26,12.701,12.547,4886,True
High-performance,SecP384r1MLKEM1024,11,27,12.779,12.78,4886,True
High-performance,x25519_mlkem512,42,28,3.12,3.116,3176,True
High-performance,x25519_mlkem512,1,29,3.157,3.222,3176,True
High-performance,SecP384r1MLKEM1024,29,30,12.197,12.216,4886,True
High-performance,x25519_mlkem512,3,31,3.127,3.099,3176,True
High-performance,x25519_mlkem512,25,32,3.255,3.178,3176,True
High-performance,x25519_mlkem512,14,33,3.128,3.105,3176,True
High-performance,x25519_mlkem512,26,34,3.555,3.535,3176,True
High-performance,x25519_mlkem512,39,35,3.057,3.05,3176,True
High-performance,SecP384r1MLKEM1024,46,36,11.864,11.862,4886,True
High-performance,SecP384r1MLKEM1024,4,37,11.857,11.845,4886,True
High-performance,x25519_mlkem512,29,38,3.356,3.348,3176,True
High-performance,x25519_mlkem512,41,39,3.191,3.101,3176,True
High-performance,x25519_mlkem512,50,40,4.308,4.32,3176,True
High-performance,x25519_mlkem512,27,41,3.042,3.034,3176,True
High-performance,x25519_mlkem512,28,42,3.357,3.351,3176,True
High-performance,SecP384r1MLKEM1024,50,43,11.919,11.861,4886,True
High-performance,x25519_mlkem512,49,44,3.177,3.171,3176,True
High-performance,x25519_mlkem512,35,45,3.109,3.11,3176,True
High-performance,x25519_mlkem512,19,46,3.1,3.093,3176,True
High-performance,SecP384r1MLKEM1024,35,47,12.217,12.214,4886,True
High-performance,x25519_mlkem512,33,48,5.183,5.184,3176,True
High-performance,SecP384r1MLKEM1024,49,49,12.402,12.405,4886,True
High-performance,x25519_mlkem512,30,50,3.14,3.107,3176,True
High-performance,SecP384r1MLKEM1024,14,51,12.775,12.769,4886,True
High-performance,x25519_mlkem512,13,52,3.085,3.068,3176,True
High-performance,x25519_mlkem512,48,53,3.088,3.081,3176,True
High-performance,X25519MLKEM768,11,54,3.104,3.079,3892,True
High-performance,X25519MLKEM768,14,55,3.207,3.199,3892,True
High-performance,X25519MLKEM768,10,56,4.131,4.037,3892,True
High-performance,x25519_mlkem512,24,57,4.939,4.982,3176,True
High-performance,X25519MLKEM768,4,58,4.722,4.657,3892,True
High-performance,SecP384r1MLKEM1024,24,59,12.446,12.438,4886,True
High-performance,SecP384r1MLKEM1024,32,60,12.371,12.363,4886,True
High-performance,X25519MLKEM768,8,61,4.191,4.275,3892,True
High-performance,X25519MLKEM768,36,62,3.126,3.116,3892,True
High-performance,x25519_mlkem512,20,63,3.138,3.118,3176,True
High-performance,X25519MLKEM768,13,64,3.149,3.127,3892,True
High-performance,X25519MLKEM768,28,65,4.294,4.287,3892,True
High-performance,SecP384r1MLKEM1024,22,66,12.949,12.95,4886,True
High-performance,X25519MLKEM768,41,67,3.231,3.137,3892,True
High-performance,X25519MLKEM768,34,68,3.494,3.242,3892,True
High-performance,SecP384r1MLKEM1024,3,69,13.975,13.968,4886,True
High-performance,SecP384r1MLKEM1024,47,70,12.991,12.927,4886,True
High-performance,SecP384r1MLKEM1024,39,71,13.175,13.218,4886,True
High-performance,SecP384r1MLKEM1024,34,72,12.896,12.842,4886,True
High-performance,x25519_mlkem512,32,73,3.27,3.245,3176,True
High-performance,SecP384r1MLKEM1024,23,74,11.791,11.78,4886,True
High-performance,X25519MLKEM768,44,75,3.151,3.144,3892,True
High-performance,x25519_mlkem512,17,76,3.453,3.449,3176,True
High-performance,SecP384r1MLKEM1024,5,77,13.106,13.107,4886,True
High-performance,X25519MLKEM768,30,78,3.421,3.142,3892,True
High-performance,SecP384r1MLKEM1024,19,79,11.956,11.954,4886,True
High-performance,SecP384r1MLKEM1024,20,80,12.693,12.677,4886,True
High-performance,X25519MLKEM768,37,81,3.118,3.106,3892,True
High-performance,SecP384r1MLKEM1024,41,82,11.894,11.882,4886,True
High-performance,X25519MLKEM768,3,83,3.115,3.108,3892,True
High-performance,x25519_mlkem512,34,84,3.638,3.646,3176,True
High-performance,X25519MLKEM768,9,85,2.998,2.993,3892,True
High-performance,x25519_mlkem512,7,86,3.174,3.178,3176,True
High-performance,x25519_mlkem512,15,87,2.966,2.944,3176,True
High-performance,x25519_mlkem512,31,88,3.168,3.007,3176,True
High-performance,X25519MLKEM768,46,89,3.096,3.088,3892,True
High-performance,SecP384r1MLKEM1024,33,90,12.155,12.152,4886,True
High-performance,x25519_mlkem512,9,91,3.229,3.226,3176,True
High-performance,X25519MLKEM768,23,92,4.616,4.641,3892,True
High-performance,SecP384r1MLKEM1024,2,93,12.361,12.365,4886,True
High-performance,SecP384r1MLKEM1024,26,94,13.706,13.659,4886,True
High-performance,SecP384r1MLKEM1024,9,95,12.046,12.047,4886,True
High-performance,SecP384r1MLKEM1024,6,96,12.187,12.12,4886,True
High-performance,X25519MLKEM768,16,97,3.235,3.231,3892,True
High-performance,X25519MLKEM768,50,98,3.443,3.276,3892,True
High-performance,X25519MLKEM768,22,99,3.17,3.171,3892,True
High-performance,x25519_mlkem512,18,100,1.948,3.376,3176,True
High-performance,X25519MLKEM768,21,101,1.709,3.062,3892,True
High-performance,SecP384r1MLKEM1024,16,102,12.556,12.512,4886,True
High-performance,X25519MLKEM768,38,103,1.788,3.21,3892,True
High-performance,X25519MLKEM768,24,104,3.132,3.129,3892,True
High-performance,x25519_mlkem512,8,105,3.045,3.043,3176,True
High-performance,SecP384r1MLKEM1024,12,106,12.281,12.295,4886,True
High-performance,SecP384r1MLKEM1024,37,107,12.101,12.087,4886,True
High-performance,x25519_mlkem512,37,108,3.018,3.008,3176,True
High-performance,X25519MLKEM768,7,109,3.075,3.065,3892,True
High-performance,x25519_mlkem512,2,110,3.084,3.047,3176,True
High-performance,X25519MLKEM768,15,111,3.329,3.324,3892,True
High-performance,x25519_mlkem512,5,112,3.601,3.598,3176,True
High-performance,X25519MLKEM768,29,113,3.155,3.147,3892,True
High-performance,SecP384r1MLKEM1024,45,114,12.264,12.262,4886,True
High-performance,x25519_mlkem512,16,115,3.293,3.316,3176,True
High-performance,SecP384r1MLKEM1024,30,116,11.844,12.054,4886,True
High-performance,SecP384r1MLKEM1024,7,117,11.878,11.858,4886,True
High-performance,X25519MLKEM768,5,118,3.147,3.078,3892,True
High-performance,x25519_mlkem512,23,119,3.175,3.238,3176,True
High-performance,X25519MLKEM768,40,120,3.407,3.387,3892,True
High-performance,X25519MLKEM768,12,121,3.629,3.56,3892,True
High-performance,SecP384r1MLKEM1024,36,122,12.208,12.151,4886,True
High-performance,SecP384r1MLKEM1024,1,123,12.271,12.278,4886,True
High-performance,SecP384r1MLKEM1024,13,124,11.977,11.957,4886,True
High-performance,x25519_mlkem512,45,125,3.204,3.273,3176,True
High-performance,SecP384r1MLKEM1024,31,126,11.889,11.906,4886,True
High-performance,X25519MLKEM768,17,127,3.086,3.083,3892,True
High-performance,X25519MLKEM768,42,128,3.163,3.14,3892,True
High-performance,X25519MLKEM768,19,129,3.398,3.347,3892,True
High-performance,x25519_mlkem512,11,130,3.13,3.197,3176,True
High-performance,x25519_mlkem512,12,131,3.226,3.155,3176,True
High-performance,x25519_mlkem512,47,132,3.171,3.124,3176,True
High-performance,SecP384r1MLKEM1024,17,133,12.861,12.855,4886,True
High-performance,X25519MLKEM768,2,134,3.19,3.161,3892,True
High-performance,X25519MLKEM768,39,135,3.399,3.388,3892,True
High-performance,SecP384r1MLKEM1024,40,136,12.31,12.307,4886,True
High-performance,SecP384r1MLKEM1024,28,137,12.119,12.103,4886,True
High-performance,X25519MLKEM768,25,138,3.601,3.503,3892,True
High-performance,x25519_mlkem512,38,139,3.119,3.111,3176,True
High-performance,X25519MLKEM768,33,140,3.158,3.13,3892,True
High-performance,SecP384r1MLKEM1024,21,141,17.562,17.517,4886,True
High-performance,SecP384r1MLKEM1024,8,142,11.915,11.911,4886,True
High-performance,x25519_mlkem512,36,143,3.142,3.136,3176,True
High-performance,X25519MLKEM768,43,144,3.511,3.5,3892,True
High-performance,X25519MLKEM768,49,145,3.1,3.123,3892,True
High-performance,x25519_mlkem512,44,146,3.132,3.101,3176,True
High-performance,X25519MLKEM768,31,147,3.201,3.202,3892,True
High-performance,SecP384r1MLKEM1024,42,148,12.106,12.09,4886,True
High-performance,X25519MLKEM768,27,149,3.091,3.082,3892,True
Mid-range,SecP384r1MLKEM1024,10,0,11.371,18.819,4886,True
Mid-range,x25519_mlkem512,22,1,9.279,9.2,3176,True
Mid-range,x25519_mlkem512,6,2,19.545,19.606,3176,True
Mid-range,SecP384r1MLKEM1024,48,3,18.621,18.54,4886,True
Mid-range,X25519MLKEM768,35,4,1.959,9.626,3892,True
Mid-range,X25519MLKEM768,48,5,9.15,9.133,3892,True
Mid-range,x25519_mlkem512,43,6,10.048,10.042,3176,True
Mid-range,X25519MLKEM768,26,7,10.041,10.041,3892,True
Mid-range,SecP384r1MLKEM1024,38,8,18.919,18.923,4886,True
Mid-range,SecP384r1MLKEM1024,43,9,11.602,11.772,4886,True
Mid-range,X25519MLKEM768,6,10,3.645,3.576,3892,True
Mid-range,x25519_mlkem512,4,11,9.543,3.397,3176,True
Mid-range,X25519MLKEM768,32,12,9.766,9.761,3892,True
Mid-range,x25519_mlkem512,10,13,9.394,9.398,3176,True
Mid-range,X25519MLKEM768,20,14,9.783,9.704,3892,True
Mid-range,X25519MLKEM768,45,15,10.014,10.01,3892,True
Mid-range,SecP384r1MLKEM1024,15,16,19.461,19.475,4886,True
Mid-range,SecP384r1MLKEM1024,25,17,19.224,19.229,4886,True
Mid-range,X25519MLKEM768,1,18,1.889,9.339,3892,True
Mid-range,SecP384r1MLKEM1024,44,19,19.016,19.024,4886,True
Mid-range,X25519MLKEM768,47,20,9.117,9.118,3892,True
Mid-range,x25519_mlkem512,40,21,8.816,8.783,3176,True
Mid-range,x25519_mlkem512,21,22,9.202,9.2,3176,True
Mid-range,SecP384r1MLKEM1024,18,23,18.853,19.054,4886,True
Mid-range,X25519MLKEM768,18,24,9.9,9.899,3892,True
Mid-range,x25519_mlkem512,46,25,9.606,9.601,3176,True
Mid-range,SecP384r1MLKEM1024,27,26,19.069,19.224,4886,True
Mid-range,SecP384r1MLKEM1024,11,27,19.77,19.826,4886,True
Mid-range,x25519_mlkem512,42,28,2.302,10.45,3176,True
Mid-range,x25519_mlkem512,1,29,9.847,9.85,3176,True
Mid-range,SecP384r1MLKEM1024,29,30,20.518,20.534,4886,True
Mid-range,x25519_mlkem512,3,31,9.133,9.126,3176,True
Mid-range,x25519_mlkem512,25,32,9.786,9.782,3176,True
Mid-range,x25519_mlkem512,14,33,10.134,16.593,3176,True
Mid-range,x25519_mlkem512,26,34,9.341,9.375,3176,True
Mid-range,x25519_mlkem512,39,35,9.711,9.711,3176,True
Mid-range,SecP384r1MLKEM1024,46,36,19.212,19.202,4886,True
Mid-range,SecP384r1MLKEM1024,4,37,19.493,19.484,4886,True
Mid-range,x25519_mlkem512,29,38,9.624,9.637,3176,True
Mid-range,x25519_mlkem512,41,39,9.803,9.772,3176,True
Mid-range,x25519_mlkem512,50,40,3.229,3.225,3176,True
Mid-range,x25519_mlkem512,27,41,8.913,8.872,3176,True
Mid-range,x25519_mlkem512,28,42,1.826,8.64,3176,True
Mid-range,SecP384r1MLKEM1024,50,43,19.058,19.199,4886,True
Mid-range,x25519_mlkem512,49,44,9.329,9.141,3176,True
Mid-range,x25519_mlkem512,35,45,1.865,8.735,3176,True
Mid-range,x25519_mlkem512,19,46,8.725,8.9,3176,True
Mid-range,SecP384r1MLKEM1024,35,47,20.005,19.997,4886,True
Mid-range,x25519_mlkem512,33,48,9.009,9.006,3176,True
Mid-range,SecP384r1MLKEM1024,49,49,18.956,18.959,4886,True
Mid-range,x25519_mlkem512,30,50,8.932,8.925,3176,True
Mid-range,SecP384r1MLKEM1024,14,51,20.171,20.163,4886,True
Mid-range,x25519_mlkem512,13,52,9.625,9.623,3176,True
Mid-range,x25519_mlkem512,48,53,8.797,8.761,3176,True
Mid-range,X25519MLKEM768,11,54,1.951,9.348,3892,True
Mid-range,X25519MLKEM768,14,55,8.95,8.823,3892,True
Mid-range,X25519MLKEM768,10,56,9.666,9.677,3892,True
Mid-range,x25519_mlkem512,24,57,9.973,9.972,3176,True
Mid-range,X25519MLKEM768,4,58,9.126,9.254,3892,True
Mid-range,SecP384r1MLKEM1024,24,59,19.522,19.521,4886,True
Mid-range,SecP384r1MLKEM1024,32,60,28.652,28.661,4886,True
Mid-range,X25519MLKEM768,8,61,9.811,9.81,3892,True
Mid-range,X25519MLKEM768,36,62,8.796,3.08,3892,True
Mid-range,x25519_mlkem512,20,63,9.873,9.872,3176,True
Mid-range,X25519MLKEM768,13,64,9.832,9.97,3892,True
Mid-range,X25519MLKEM768,28,65,9.717,9.75,3892,True
Mid-range,SecP384r1MLKEM1024,22,66,19.477,19.483,4886,True
Mid-range,X25519MLKEM768,41,67,1.81,9.329,3892,True
Mid-range,X25519MLKEM768,34,68,9.51,9.51,3892,True
Mid-range,SecP384r1MLKEM1024,3,69,12.053,20.281,4886,True
Mid-range,SecP384r1MLKEM1024,47,70,20.002,19.945,4886,True
Mid-range,SecP384r1MLKEM1024,39,71,19.103,19.061,4886,True
Mid-range,SecP384r1MLKEM1024,34,72,19.118,19.14,4886,True
Mid-range,x25519_mlkem512,32,73,10.099,10.107,3176,True
Mid-range,SecP384r1MLKEM1024,23,74,19.909,19.922,4886,True
Mid-range,X25519MLKEM768,44,75,9.416,9.414,3892,True
Mid-range,x25519_mlkem512,17,76,8.893,8.889,3176,True
Mid-range,SecP384r1MLKEM1024,5,77,19.593,19.596,4886,True
Mid-range,X25519MLKEM768,30,78,10.006,10.006,3892,True
Mid-range,SecP384r1MLKEM1024,19,79,19.672,19.681,4886,True
Mid-range,SecP384r1MLKEM1024,20,80,19.66,19.491,4886,True
Mid-range,X25519MLKEM768,37,81,10.117,16.566,3892,True
Mid-range,SecP384r1MLKEM1024,41,82,31.026,31.042,4886,True
Mid-range,X25519MLKEM768,3,83,18.825,18.746,3892,True
Mid-range,x25519_mlkem512,34,84,9.463,9.464,3176,True
Mid-range,X25519MLKEM768,9,85,9.726,9.725,3892,True
Mid-range,x25519_mlkem512,7,86,9.462,9.465,3176,True
Mid-range,x25519_mlkem512,15,87,9.165,9.165,3176,True
Mid-range,x25519_mlkem512,31,88,8.877,8.873,3176,True
Mid-range,X25519MLKEM768,46,89,10.41,16.885,3892,True
Mid-range,SecP384r1MLKEM1024,33,90,20.153,27.705,4886,True
Mid-range,x25519_mlkem512,9,91,2.101,9.357,3176,True
Mid-range,X25519MLKEM768,23,92,1.812,9.184,3892,True
Mid-range,SecP384r1MLKEM1024,2,93,19.792,19.801,4886,True
Mid-range,SecP384r1MLKEM1024,26,94,19.854,12.506,4886,True
Mid-range,SecP384r1MLKEM1024,9,95,18.752,18.755,4886,True
Mid-range,SecP384r1MLKEM1024,6,96,19.287,19.289,4886,True
Mid-range,X25519MLKEM768,16,97,1.895,9.489,3892,True
Mid-range,X25519MLKEM768,50,98,8.948,8.953,3892,True
Mid-range,X25519MLKEM768,22,99,9.315,3.405,3892,True
Mid-range,x25519_mlkem512,18,100,1.761,9.996,3176,True
Mid-range,X25519MLKEM768,21,101,1.81,9.654,3892,True
Mid-range,SecP384r1MLKEM1024,16,102,18.99,18.995,4886,True
Mid-range,X25519MLKEM768,38,103,1.896,9.929,3892,True
Mid-range,X25519MLKEM768,24,104,2.065,8.578,3892,True
Mid-range,x25519_mlkem512,8,105,3.185,3.188,3176,True
Mid-range,SecP384r1MLKEM1024,12,106,19.448,19.449,4886,True
Mid-range,SecP384r1MLKEM1024,37,107,10.285,19.141,4886,True
Mid-range,x25519_mlkem512,37,108,10.204,10.211,3176,True
Mid-range,X25519MLKEM768,7,109,9.489,3.112,3892,True
Mid-range,x25519_mlkem512,2,110,9.691,9.686,3176,True
Mid-range,X25519MLKEM768,15,111,3.673,3.669,3892,True
Mid-range,x25519_mlkem512,5,112,8.874,8.874,3176,True
Mid-range,X25519MLKEM768,29,113,9.473,9.483,3892,True
Mid-range,SecP384r1MLKEM1024,45,114,19.738,19.713,4886,True
Mid-range,x25519_mlkem512,16,115,9.559,9.558,3176,True
Mid-range,SecP384r1MLKEM1024,30,116,20.197,27.758,4886,True
Mid-range,SecP384r1MLKEM1024,7,117,18.559,18.496,4886,True
Mid-range,X25519MLKEM768,5,118,8.948,8.947,3892,True
Mid-range,x25519_mlkem512,23,119,9.823,9.821,3176,True
Mid-range,X25519MLKEM768,40,120,9.12,9.023,3892,True
Mid-range,X25519MLKEM768,12,121,9.372,9.373,3892,True
Mid-range,SecP384r1MLKEM1024,36,122,19.767,19.581,4886,True
Mid-range,SecP384r1MLKEM1024,1,123,19.156,19.044,4886,True
Mid-range,SecP384r1MLKEM1024,13,124,19.064,19.076,4886,True
Mid-range,x25519_mlkem512,45,125,9.841,9.869,3176,True
Mid-range,SecP384r1MLKEM1024,31,126,19.193,19.215,4886,True
Mid-range,X25519MLKEM768,17,127,9.634,9.636,3892,True
Mid-range,X25519MLKEM768,42,128,1.863,9.349,3892,True
Mid-range,X25519MLKEM768,19,129,9.112,9.111,3892,True
Mid-range,x25519_mlkem512,11,130,9.32,9.268,3176,True
Mid-range,x25519_mlkem512,12,131,9.732,3.23,3176,True
Mid-range,x25519_mlkem512,47,132,9.951,9.947,3176,True
Mid-range,SecP384r1MLKEM1024,17,133,11.58,19.173,4886,True
Mid-range,X25519MLKEM768,2,134,8.83,8.83,3892,True
Mid-range,X25519MLKEM768,39,135,9.056,9.065,3892,True
Mid-range,SecP384r1MLKEM1024,40,136,19.291,19.28,4886,True
Mid-range,SecP384r1MLKEM1024,28,137,19.69,19.699,4886,True
Mid-range,X25519MLKEM768,25,138,9.21,9.205,3892,True
Mid-range,x25519_mlkem512,38,139,9.435,9.432,3176,True
Mid-range,X25519MLKEM768,33,140,9.798,9.827,3892,True
Mid-range,SecP384r1MLKEM1024,21,141,19.956,19.964,4886,True
Mid-range,SecP384r1MLKEM1024,8,142,18.244,18.252,4886,True
Mid-range,x25519_mlkem512,36,143,10.313,16.749,3176,True
Mid-range,X25519MLKEM768,43,144,9.08,3.206,3892,True
Mid-range,X25519MLKEM768,49,145,1.783,8.766,3892,True
Mid-range,x25519_mlkem512,44,146,9.736,9.707,3176,True
Mid-range,X25519MLKEM768,31,147,8.936,8.93,3892,True
Mid-range,SecP384r1MLKEM1024,42,148,19.797,19.801,4886,True
Mid-range,X25519MLKEM768,27,149,9.848,9.845,3892,True
Constrained,SecP384r1MLKEM1024,10,0,40.207,49.198,4886,True
Constrained,x25519_mlkem512,22,1,30.303,39.865,3176,True
Constrained,x25519_mlkem512,6,2,20.165,29.376,3176,True
Constrained,SecP384r1MLKEM1024,48,3,49.757,39.966,4886,True
Constrained,X25519MLKEM768,35,4,20.132,29.48,3892,True
Constrained,X25519MLKEM768,48,5,30.125,30.503,3892,True
Constrained,x25519_mlkem512,43,6,30.055,30.051,3176,True
Constrained,X25519MLKEM768,26,7,30.438,38.788,3892,True
Constrained,SecP384r1MLKEM1024,38,8,50.295,59.677,4886,True
Constrained,SecP384r1MLKEM1024,43,9,60.11,68.621,4886,True
Constrained,X25519MLKEM768,6,10,30.379,30.388,3892,True
Constrained,x25519_mlkem512,4,11,29.94,29.485,3176,True
Constrained,X25519MLKEM768,32,12,30.004,29.994,3892,True
Constrained,x25519_mlkem512,10,13,29.303,20.379,3176,True
Constrained,X25519MLKEM768,20,14,30.029,29.905,3892,True
Constrained,X25519MLKEM768,45,15,10.203,29.709,3892,True
Constrained,SecP384r1MLKEM1024,15,16,50.495,59.283,4886,True
Constrained,SecP384r1MLKEM1024,25,17,70.031,59.814,4886,True
Constrained,X25519MLKEM768,1,18,20.26,29.132,3892,True
Constrained,SecP384r1MLKEM1024,44,19,39.946,39.948,4886,True
Constrained,X25519MLKEM768,47,20,10.47,28.914,3892,True
Constrained,x25519_mlkem512,40,21,29.584,29.751,3176,True
Constrained,x25519_mlkem512,21,22,20.181,30.093,3176,True
Constrained,SecP384r1MLKEM1024,18,23,49.883,49.878,4886,True
Constrained,X25519MLKEM768,18,24,20.028,20.04,3892,True
Constrained,x25519_mlkem512,46,25,20.524,29.862,3176,True
Constrained,SecP384r1MLKEM1024,27,26,59.84,59.772,4886,True
Constrained,SecP384r1MLKEM1024,11,27,50.229,50.234,4886,True
Constrained,x25519_mlkem512,42,28,19.919,19.842,3176,True
Constrained,x25519_mlkem512,1,29,20.107,28.929,3176,True
Constrained,SecP384r1MLKEM1024,29,30,50.335,59.39,4886,True
Constrained,x25519_mlkem512,3,31,29.577,29.569,3176,True
Constrained,x25519_mlkem512,25,32,20.554,20.548,3176,True
Constrained,x25519_mlkem512,14,33,30.174,30.092,3176,True
Constrained,x25519_mlkem512,26,34,20.682,20.684,3176,True
Constrained,x25519_mlkem512,39,35,29.723,29.975,3176,True
Constrained,SecP384r1MLKEM1024,46,36,50.608,59.717,4886,True
Constrained,SecP384r1MLKEM1024,4,37,40.018,60.119,4886,True
Constrained,x25519_mlkem512,29,38,20.033,20.136,3176,True
Constrained,x25519_mlkem512,41,39,20.452,20.454,3176,True
Constrained,x25519_mlkem512,50,40,20.195,28.971,3176,True
Constrained,x25519_mlkem512,27,41,20.138,29.438,3176,True
Constrained,x25519_mlkem512,28,42,29.701,29.679,3176,True
Constrained,SecP384r1MLKEM1024,50,43,59.726,59.992,4886,True
Constrained,x25519_mlkem512,49,44,20.343,29.498,3176,True
Constrained,x25519_mlkem512,35,45,29.847,29.729,3176,True
Constrained,x25519_mlkem512,19,46,20.459,28.953,3176,True
Constrained,SecP384r1MLKEM1024,35,47,60.32,69.446,4886,True
Constrained,x25519_mlkem512,33,48,29.939,29.937,3176,True
Constrained,SecP384r1MLKEM1024,49,49,40.029,59.244,4886,True
Constrained,x25519_mlkem512,30,50,20.121,28.986,3176,True
Constrained,SecP384r1MLKEM1024,14,51,50.638,58.703,4886,True
Constrained,x25519_mlkem512,13,52,20.528,29.776,3176,True
Constrained,x25519_mlkem512,48,53,20.102,29.021,3176,True
Constrained,X25519MLKEM768,11,54,29.72,29.714,3892,True
Constrained,X25519MLKEM768,14,55,10.649,30.21,3892,True
Constrained,X25519MLKEM768,10,56,30.115,30.292,3892,True
Constrained,x25519_mlkem512,24,57,29.784,29.797,3176,True
Constrained,X25519MLKEM768,4,58,19.846,19.863,3892,True
Constrained,SecP384r1MLKEM1024,24,59,49.647,49.651,4886,True
Constrained,SecP384r1MLKEM1024,32,60,50.817,59.789,4886,True
Constrained,X25519MLKEM768,8,61,37.924,29.628,3892,True
Constrained,X25519MLKEM768,36,62,20.308,39.528,3892,True
Constrained,x25519_mlkem512,20,63,20.42,29.77,3176,True
Constrained,X25519MLKEM768,13,64,30.06,39.308,3892,True
Constrained,X25519MLKEM768,28,65,30.457,39.179,3892,True
Constrained,SecP384r1MLKEM1024,22,66,50.139,59.003,4886,True
Constrained,X25519MLKEM768,41,67,29.769,29.618,3892,True
Constrained,X25519MLKEM768,34,68,26.768,39.33,3892,True
Constrained,SecP384r1MLKEM1024,3,69,59.811,59.586,4886,True
Constrained,SecP384r1MLKEM1024,47,70,40.264,49.157,4886,True
Constrained,SecP384r1MLKEM1024,39,71,48.668,50.209,4886,True
Constrained,SecP384r1MLKEM1024,34,72,50.444,59.626,4886,True
Constrained,x25519_mlkem512,32,73,30.41,39.616,3176,True
Constrained,SecP384r1MLKEM1024,23,74,49.837,59.16,4886,True
Constrained,X25519MLKEM768,44,75,20.689,29.993,3892,True
Constrained,x25519_mlkem512,17,76,20.077,20.17,3176,True
Constrained,SecP384r1MLKEM1024,5,77,50.122,58.952,4886,True
Constrained,X25519MLKEM768,30,78,31.428,40.421,3892,True
Constrained,SecP384r1MLKEM1024,19,79,39.929,39.956,4886,True
Constrained,SecP384r1MLKEM1024,20,80,49.068,50.067,4886,True
Constrained,X25519MLKEM768,37,81,29.572,29.589,3892,True
Constrained,SecP384r1MLKEM1024,41,82,50.384,59.188,4886,True
Constrained,X25519MLKEM768,3,83,20.19,20.205,3892,True
Constrained,x25519_mlkem512,34,84,20.021,19.873,3176,True
Constrained,X25519MLKEM768,9,85,30.246,39.926,3892,True
Constrained,x25519_mlkem512,7,86,20.128,28.95,3176,True
Constrained,x25519_mlkem512,15,87,30.005,30.011,3176,True
Constrained,x25519_mlkem512,31,88,30.208,30.215,3176,True
Constrained,X25519MLKEM768,46,89,29.957,29.866,3892,True
Constrained,SecP384r1MLKEM1024,33,90,40.321,49.384,4886,True
Constrained,x25519_mlkem512,9,91,30.204,38.962,3176,True
Constrained,X25519MLKEM768,23,92,30.165,30.009,3892,True
Constrained,SecP384r1MLKEM1024,2,93,39.86,59.08,4886,True
Constrained,SecP384r1MLKEM1024,26,94,50.165,59.374,4886,True
Constrained,SecP384r1MLKEM1024,9,95,50.366,59.678,4886,True
Constrained,SecP384r1MLKEM1024,6,96,50.129,49.279,4886,True
Constrained,X25519MLKEM768,16,97,29.701,29.693,3892,True
Constrained,X25519MLKEM768,50,98,30.484,39.958,3892,True
Constrained,X25519MLKEM768,22,99,19.654,19.502,3892,True
Constrained,x25519_mlkem512,18,100,20.138,28.981,3176,True
Constrained,X25519MLKEM768,21,101,29.994,29.673,3892,True
Constrained,SecP384r1MLKEM1024,16,102,49.686,49.449,4886,True
Constrained,X25519MLKEM768,38,103,30.342,39.877,3892,True
Constrained,X25519MLKEM768,24,104,30.049,30.043,3892,True
Constrained,x25519_mlkem512,8,105,20.258,20.266,3176,True
Constrained,SecP384r1MLKEM1024,12,106,49.338,49.345,4886,True
Constrained,SecP384r1MLKEM1024,37,107,59.13,59.137,4886,True
Constrained,x25519_mlkem512,37,108,20.415,38.824,3176,True
Constrained,X25519MLKEM768,7,109,20.047,20.048,3892,True
Constrained,x25519_mlkem512,2,110,30.524,30.245,3176,True
Constrained,X25519MLKEM768,15,111,20.219,29.884,3892,True
Constrained,x25519_mlkem512,5,112,30.128,29.846,3176,True
Constrained,X25519MLKEM768,29,113,10.706,30.006,3892,True
Constrained,SecP384r1MLKEM1024,45,114,40.24,49.552,4886,True
Constrained,x25519_mlkem512,16,115,39.823,39.654,3176,True
Constrained,SecP384r1MLKEM1024,30,116,50.787,58.743,4886,True
Constrained,SecP384r1MLKEM1024,7,117,50.453,59.679,4886,True
Constrained,X25519MLKEM768,5,118,30.117,29.936,3892,True
Constrained,x25519_mlkem512,23,119,19.992,19.994,3176,True
Constrained,X25519MLKEM768,40,120,29.854,29.86,3892,True
Constrained,X25519MLKEM768,12,121,40.101,30.604,3892,True
Constrained,SecP384r1MLKEM1024,36,122,59.438,49.961,4886,True
Constrained,SecP384r1MLKEM1024,1,123,50.215,58.979,4886,True
Constrained,SecP384r1MLKEM1024,13,124,49.542,59.322,4886,True
Constrained,x25519_mlkem512,45,125,29.866,30.359,3176,True
Constrained,SecP384r1MLKEM1024,31,126,69.491,79.605,4886,True
Constrained,X25519MLKEM768,17,127,20.074,20.1,3892,True
Constrained,X25519MLKEM768,42,128,20.37,29.931,3892,True
Constrained,X25519MLKEM768,19,129,29.804,30.384,3892,True
Constrained,x25519_mlkem512,11,130,20.193,29.392,3176,True
Constrained,x25519_mlkem512,12,131,29.603,20.35,3176,True
Constrained,x25519_mlkem512,47,132,20.229,20.238,3176,True
Constrained,SecP384r1MLKEM1024,17,133,50.016,59.002,4886,True
Constrained,X25519MLKEM768,2,134,30.756,39.934,3892,True
Constrained,X25519MLKEM768,39,135,20.377,29.543,3892,True
Constrained,SecP384r1MLKEM1024,40,136,50.239,59.065,4886,True
Constrained,SecP384r1MLKEM1024,28,137,49.639,49.575,4886,True
Constrained,X25519MLKEM768,25,138,49.418,30.095,3892,True
Constrained,x25519_mlkem512,38,139,29.806,29.802,3176,True
Constrained,X25519MLKEM768,33,140,19.939,20.004,3892,True
Constrained,SecP384r1MLKEM1024,21,141,59.689,50.579,4886,True
Constrained,SecP384r1MLKEM1024,8,142,50.822,59.655,4886,True
Constrained,x25519_mlkem512,36,143,20.75,30.446,3176,True
Constrained,X25519MLKEM768,43,144,29.823,30.194,3892,True
Constrained,X25519MLKEM768,49,145,30.494,39.387,3892,True
Constrained,x25519_mlkem512,44,146,20.523,29.959,3176,True
Constrained,X25519MLKEM768,31,147,30.26,30.606,3892,True
Constrained,SecP384r1MLKEM1024,42,148,59.355,50.284,4886,True
Constrained,X25519MLKEM768,27,149,29.906,29.929,3892,True
